Month,PM2.5
January,0.11566666666666665
February,0.16475
March,0.219
April,0.1855
May,0.118
June,0.092
July,
August,
September,0.32
October,0.18533333333333335
November,0.2515
December,0.25533333333333336
