Month,PM2.5
January,0.5185
February,0.522
March,
April,
May,0.5206666666666666
June,0.3895
July,0.2773333333333334
August,0.353
September,0.538
October,0.188
November,0.14
December,0.5106666666666667
