Month,PM2.5
January,0.267
February,
March,0.2483333333333333
April,0.35133333333333333
May,0.38866666666666666
June,0.271
July,
August,0.537
September,0.568
October,0.214
November,0.18375
December,
