Month,PM2.5
January,
February,0.5235000000000001
March,0.9692000000000001
April,0.8923333333333332
May,0.20800000000000002
June,0.16
July,
August,
September,0.108
October,0.1635
November,0.122
December,0.13175
