Month,PM2.5
January,0.21250000000000002
February,0.338
March,0.727
April,1.2494
May,0.40575
June,
July,0.1295
August,0.152
September,0.211
October,0.15175
November,0.21600000000000003
December,0.15949999999999998
