Month,PM2.5
January,0.3595
February,0.8025
March,0.663
April,1.0145
May,0.9375
June,
July,0.13999999999999999
August,0.19800000000000004
September,0.241
October,0.2303333333333333
November,0.178
December,0.108
