Month,PM2.5
January,0.1116
February,0.14366666666666666
March,0.156
April,0.18366666666666664
May,0.24233333333333337
June,0.21999999999999997
July,0.1662
August,0.2385
September,0.251
October,0.181
November,0.1825
December,0.1258
