Month,PM2.5
January,0.28075
February,0.19599999999999998
March,0.7102
April,0.7372
May,0.52725
June,0.288
July,0.375
August,0.593
September,0.146
October,0.25033333333333335
November,0.16625
December,0.2185
