Month,PM2.5
January,0.291
February,0.374
March,0.37400000000000005
April,0.489
May,0.324
June,0.27049999999999996
July,
August,0.30033333333333334
September,0.266
October,0.199
November,0.343
December,0.13933333333333334
