Month,PM2.5
January,0.202
February,0.2385
March,0.8373333333333334
April,0.3205
May,0.27899999999999997
June,0.305
July,0.126
August,0.217
September,0.197
October,0.027
November,0.062
December,0.081
