Month,PM2.5
January,0.072
February,0.11
March,0.163
April,0.21059999999999998
May,0.1618
June,0.20274999999999999
July,
August,0.1755
September,0.1866
October,0.1645
November,0.2198
December,0.16875
