Month,PM2.5
January,0.064
February,0.1845
March,0.4058333333333333
April,0.6618
May,0.35224999999999995
June,
July,0.328
August,
September,0.448
October,0.19259999999999997
November,0.28850000000000003
December,0.34775
