Month,PM2.5
January,0.24816666666666667
February,0.444
March,0.5499999999999999
April,0.5860000000000001
May,0.648
June,0.1415
July,0.22
August,0.394
September,0.1375
October,
November,0.2345
December,0.1195
