Month,PM2.5
January,0.1015
February,0.1725
March,0.16625
April,0.34900000000000003
May,0.2394
June,0.22925
July,
August,0.14150000000000001
September,0.2185
October,0.11175
November,0.118
December,0.1236
