Month,PM2.5
January,
February,
March,
April,
May,
June,
July,0.295
August,0.20650000000000002
September,0.39666666666666667
October,0.5333333333333333
November,
December,0.20833333333333334
