Month,PM2.5
January,0.5234
February,0.7165
March,1.0238
April,1.5732499999999998
May,0.316
June,0.231
July,
August,0.7
September,
October,0.099
November,0.14500000000000002
December,0.1518
