Month,PM2.5
January,0.349
February,0.315
March,0.26666666666666666
April,0.556
May,0.248
June,0.28425
July,
August,0.11233333333333333
September,0.151
October,0.06
November,0.14275
December,0.22025
