Month,PM2.5
January,0.246
February,0.254
March,0.3866666666666667
April,0.3913333333333333
May,0.4155
June,0.2664
July,0.375
August,
September,0.408
October,0.17450000000000002
November,0.151
December,0.20166666666666666
