Month,PM2.5
January,0.232
February,0.617
March,0.8946666666666667
April,1.2249999999999999
May,0.504
June,0.305
July,
August,
September,
October,0.23
November,0.087
December,0.07050000000000001
