Month,PM2.5
January,0.475
February,0.479
March,0.40099999999999997
April,0.575
May,0.245
June,0.107
July,
August,0.07166666666666667
September,0.073
October,0.1505
November,0.237
December,0.18433333333333335
