Month,PM2.5
January,0.37625
February,0.463
March,
April,
May,0.5325
June,0.688
July,0.627
August,0.234
September,0.20800000000000002
October,0.371
November,0.4106666666666667
December,0.515
