Month,PM2.5
January,0.07200000000000001
February,0.26949999999999996
March,1.0175
April,0.8035
May,0.9126666666666666
June,0.145
July,0.208
August,
September,0.179
October,0.044
November,0.2165
December,0.138
