Month,PM2.5
January,0.1605
February,0.472
March,0.5256666666666666
April,0.4
May,0.289
June,
July,0.211
August,0.111
September,0.1995
October,0.089
November,0.094
December,0.10566666666666667
